{
  "mean": [
    7.747830704814457,
    0.059494446564562084,
    10.259067868544909,
    0.7622885870977263,
    98.85237254893207,
    0.8251069983928027,
    6.559988539876632
  ],
  "scale": [
    0.36163376625769456,
    5.458910424550467,
    0.38613299089988706,
    265.2687194589511,
    0.8704322825132289,
    70.6080182974353,
    3.7711426727371884
  ],
  "n_features": 7
}